pe_type,k,n,m,dtype,optlvl,cycles,latency,throughput,theoretical_cycles,theoretical_latency,theoretical_throughput,efficiency,status
dense,8,8,16,int8,0,42,3.36e-08,29761904.761904757,8,6.4e-09,156250000.0,0.19047619047619047,OK
dense,8,8,16,int8,1,37,2.96e-08,33783783.783783786,8,6.4e-09,156250000.0,0.21621621621621623,OK
dense,8,8,16,int16,0,70,5.6000000000000005e-08,17857142.857142854,32,2.56e-08,39062500.0,0.45714285714285713,OK
dense,8,8,16,int16,1,72,5.76e-08,17361111.111111112,32,2.56e-08,39062500.0,0.4444444444444444,OK
dense,8,8,32,int8,0,48,3.84e-08,26041666.666666668,16,1.28e-08,78125000.0,0.3333333333333333,OK
dense,8,8,32,int8,1,48,3.84e-08,26041666.666666668,16,1.28e-08,78125000.0,0.3333333333333333,OK
dense,8,8,32,int16,0,119,9.52e-08,10504201.680672267,64,5.12e-08,19531250.0,0.5378151260504201,OK
dense,8,8,32,int16,1,121,9.68e-08,10330578.512396693,64,5.12e-08,19531250.0,0.5289256198347108,OK
dense,8,8,64,int8,0,68,5.4400000000000004e-08,18382352.94117647,32,2.56e-08,39062500.0,0.47058823529411764,OK
dense,8,8,64,int8,1,68,5.4400000000000004e-08,18382352.94117647,32,2.56e-08,39062500.0,0.47058823529411764,OK
dense,8,8,64,int16,0,215,1.72e-07,5813953.488372093,128,1.024e-07,9765625.0,0.5953488372093023,OK
dense,8,8,64,int16,1,221,1.768e-07,5656108.597285068,128,1.024e-07,9765625.0,0.579185520361991,OK
dense,8,8,128,int8,0,108,8.64e-08,11574074.074074073,64,5.12e-08,19531250.0,0.5925925925925926,OK
dense,8,8,128,int8,1,108,8.64e-08,11574074.074074073,64,5.12e-08,19531250.0,0.5925925925925926,OK
dense,8,8,128,int16,0,407,3.256e-07,3071253.071253071,256,2.048e-07,4882812.5,0.628992628992629,OK
dense,8,8,128,int16,1,421,3.368e-07,2969121.1401425176,256,2.048e-07,4882812.5,0.6080760095011877,OK
dense,8,8,256,int8,0,188,1.504e-07,6648936.170212766,128,1.024e-07,9765625.0,0.6808510638297872,OK
dense,8,8,256,int8,1,188,1.504e-07,6648936.170212766,128,1.024e-07,9765625.0,0.6808510638297872,OK
dense,8,8,256,int16,0,791,6.328e-07,1580278.1289506953,512,4.096e-07,2441406.25,0.6472819216182049,OK
dense,8,8,256,int16,1,821,6.568e-07,1522533.4957369063,512,4.096e-07,2441406.25,0.6236297198538368,OK
dense,8,16,16,int8,0,64,5.12e-08,19531250.0,16,1.28e-08,78125000.0,0.25,OK
dense,8,16,16,int8,1,43,3.4400000000000004e-08,29069767.441860463,16,1.28e-08,78125000.0,0.37209302325581395,OK
dense,8,16,16,int16,0,170,1.36e-07,7352941.176470588,64,5.12e-08,19531250.0,0.3764705882352941,OK
dense,8,16,16,int16,1,96,7.68e-08,13020833.333333334,64,5.12e-08,19531250.0,0.6666666666666666,OK
dense,8,16,32,int8,0,111,8.88e-08,11261261.261261262,32,2.56e-08,39062500.0,0.2882882882882883,OK
dense,8,16,32,int8,1,64,5.12e-08,19531250.0,32,2.56e-08,39062500.0,0.5,OK
dense,8,16,32,int16,0,306,2.448e-07,4084967.3202614374,128,1.024e-07,9765625.0,0.41830065359477125,OK
dense,8,16,32,int16,1,162,1.296e-07,7716049.382716049,128,1.024e-07,9765625.0,0.7901234567901234,OK
dense,8,16,64,int8,0,203,1.624e-07,6157635.467980295,64,5.12e-08,19531250.0,0.31527093596059114,OK
dense,8,16,64,int8,1,106,8.48e-08,11792452.830188679,64,5.12e-08,19531250.0,0.6037735849056604,OK
dense,8,16,64,int16,0,586,4.688e-07,2133105.8020477816,256,2.048e-07,4882812.5,0.43686006825938567,OK
dense,8,16,64,int16,1,294,2.3520000000000001e-07,4251700.680272109,256,2.048e-07,4882812.5,0.8707482993197279,OK
dense,8,16,128,int8,0,387,3.096e-07,3229974.1602067184,128,1.024e-07,9765625.0,0.330749354005168,OK
dense,8,16,128,int8,1,188,1.504e-07,6648936.170212766,128,1.024e-07,9765625.0,0.6808510638297872,OK
dense,8,16,128,int16,0,1146,9.168000000000001e-07,1090750.4363001746,512,4.096e-07,2441406.25,0.4467713787085515,OK
dense,8,16,128,int16,1,558,4.4640000000000003e-07,2240143.369175627,512,4.096e-07,2441406.25,0.9175627240143369,OK
dense,8,16,256,int8,0,755,6.040000000000001e-07,1655629.1390728476,256,2.048e-07,4882812.5,0.3390728476821192,OK
dense,8,16,256,int8,1,354,2.832e-07,3531073.4463276835,256,2.048e-07,4882812.5,0.7231638418079096,OK
dense,8,16,256,int16,0,2266,1.8128e-06,551632.8331862312,1024,8.192e-07,1220703.125,0.45189761694616065,OK
dense,8,16,256,int16,1,1086,8.688e-07,1151012.891344383,1024,8.192e-07,1220703.125,0.9429097605893186,OK
dense,8,32,16,int8,0,69,5.5200000000000005e-08,18115942.028985504,32,2.56e-08,39062500.0,0.463768115942029,OK
dense,8,32,16,int8,1,61,4.88e-08,20491803.278688524,32,2.56e-08,39062500.0,0.5245901639344263,OK
dense,8,32,16,int16,0,188,1.504e-07,6648936.170212766,128,1.024e-07,9765625.0,0.6808510638297872,OK
dense,8,32,16,int16,1,168,1.344e-07,7440476.190476189,128,1.024e-07,9765625.0,0.7619047619047619,OK
dense,8,32,32,int8,0,112,8.960000000000001e-08,11160714.285714285,64,5.12e-08,19531250.0,0.5714285714285714,OK
dense,8,32,32,int8,1,97,7.760000000000001e-08,12886597.938144328,64,5.12e-08,19531250.0,0.6597938144329897,OK
dense,8,32,32,int16,0,317,2.536e-07,3943217.665615142,256,2.048e-07,4882812.5,0.807570977917981,OK
dense,8,32,32,int16,1,301,2.408e-07,4152823.9202657808,256,2.048e-07,4882812.5,0.8504983388704319,OK
dense,8,32,64,int8,0,200,1.6e-07,6250000.0,128,1.024e-07,9765625.0,0.64,OK
dense,8,32,64,int8,1,169,1.352e-07,7396449.704142013,128,1.024e-07,9765625.0,0.757396449704142,OK
dense,8,32,64,int16,0,609,4.872e-07,2052545.155993432,512,4.096e-07,2441406.25,0.8407224958949097,OK
dense,8,32,64,int16,1,569,4.552e-07,2196836.5553602814,512,4.096e-07,2441406.25,0.8998242530755711,OK
dense,8,32,128,int8,0,376,3.008e-07,3324468.085106383,256,2.048e-07,4882812.5,0.6808510638297872,OK
dense,8,32,128,int8,1,313,2.504e-07,3993610.2236421723,256,2.048e-07,4882812.5,0.8178913738019169,OK
dense,8,32,128,int16,0,1193,9.544000000000001e-07,1047778.7091366302,1024,8.192e-07,1220703.125,0.8583403185247276,OK
dense,8,32,128,int16,1,1105,8.84e-07,1131221.7194570135,1024,8.192e-07,1220703.125,0.9266968325791856,OK
dense,8,32,256,int8,0,728,5.824e-07,1717032.967032967,512,4.096e-07,2441406.25,0.7032967032967034,OK
dense,8,32,256,int8,1,601,4.808e-07,2079866.8885191346,512,4.096e-07,2441406.25,0.8519134775374376,OK
dense,8,32,256,int16,0,2371,1.8968e-06,527203.7115141291,2048,1.6384e-06,610351.5625,0.863770560944749,OK
dense,8,32,256,int16,1,NaN,NaN,NaN,0,0,0,NaN,FAIL
dense,16,8,16,int8,0,57,4.5600000000000005e-08,21929824.561403506,16,1.28e-08,78125000.0,0.2807017543859649,OK
dense,16,8,16,int16,0,117,9.36e-08,10683760.683760684,64,5.12e-08,19531250.0,0.5470085470085471,OK
dense,16,8,32,int8,0,99,7.920000000000001e-08,12626262.626262626,32,2.56e-08,39062500.0,0.32323232323232326,OK
dense,16,8,32,int16,0,215,1.72e-07,5813953.488372093,128,1.024e-07,9765625.0,0.5953488372093023,OK
dense,16,8,64,int8,0,179,1.432e-07,6983240.223463686,64,5.12e-08,19531250.0,0.3575418994413408,OK
dense,16,8,64,int16,0,395,3.16e-07,3164556.9620253164,256,2.048e-07,4882812.5,0.6481012658227848,OK
dense,16,8,128,int8,0,339,2.712e-07,3687315.634218289,128,1.024e-07,9765625.0,0.3775811209439528,OK
dense,16,8,128,int16,0,755,6.040000000000001e-07,1655629.1390728476,512,4.096e-07,2441406.25,0.6781456953642384,OK
dense,16,8,256,int8,0,659,5.272e-07,1896813.353566009,256,2.048e-07,4882812.5,0.3884673748103187,OK
dense,16,8,256,int16,0,1475,1.1800000000000001e-06,847457.627118644,1024,8.192e-07,1220703.125,0.6942372881355933,OK
dense,16,16,16,int8,0,123,9.840000000000001e-08,10162601.62601626,32,2.56e-08,39062500.0,0.2601626016260163,OK
dense,16,16,16,int16,0,258,2.064e-07,4844961.240310078,128,1.024e-07,9765625.0,0.49612403100775193,OK
dense,16,16,32,int8,0,242,1.936e-07,5165289.256198347,64,5.12e-08,19531250.0,0.2644628099173554,OK
dense,16,16,32,int16,0,482,3.856e-07,2593360.995850622,256,2.048e-07,4882812.5,0.5311203319502075,OK
dense,16,16,64,int8,0,462,3.6960000000000003e-07,2705627.7056277054,128,1.024e-07,9765625.0,0.27705627705627706,OK
dense,16,16,64,int16,0,938,7.504e-07,1332622.6012793176,512,4.096e-07,2441406.25,0.5458422174840085,OK
dense,16,16,128,int8,0,902,7.216e-07,1385809.312638581,256,2.048e-07,4882812.5,0.2838137472283814,OK
dense,16,16,128,int16,0,1850,1.48e-06,675675.6756756756,1024,8.192e-07,1220703.125,0.5535135135135135,OK
dense,16,16,256,int8,0,1782,1.4256e-06,701459.0347923682,512,4.096e-07,2441406.25,0.287317620650954,OK
dense,16,16,256,int16,0,3674,2.9392e-06,340228.6336418073,2048,1.6384e-06,610351.5625,0.5574305933587371,OK
dense,16,32,16,int8,0,146,1.168e-07,8561643.835616438,64,5.12e-08,19531250.0,0.4383561643835616,OK
dense,16,32,16,int16,0,380,3.04e-07,3289473.6842105263,256,2.048e-07,4882812.5,0.6736842105263158,OK
dense,16,32,32,int8,0,262,2.096e-07,4770992.366412214,128,1.024e-07,9765625.0,0.48854961832061067,OK
dense,16,32,32,int16,0,703,5.624e-07,1778093.8833570413,512,4.096e-07,2441406.25,0.7283072546230441,OK
dense,16,32,64,int8,0,498,3.984e-07,2510040.1606425704,256,2.048e-07,4882812.5,0.5140562248995983,OK
dense,16,32,64,int16,0,1379,1.1032e-06,906453.9521392313,1024,8.192e-07,1220703.125,0.7425670775924583,OK
dense,16,32,128,int8,0,970,7.760000000000001e-07,1288659.7938144328,512,4.096e-07,2441406.25,0.5278350515463918,OK
dense,16,32,128,int16,0,2731,2.1848000000000002e-06,457707.79934090073,2048,1.6384e-06,610351.5625,0.7499084584401318,OK
dense,16,32,256,int8,0,1914,1.5312e-06,653082.5496342737,1024,8.192e-07,1220703.125,0.5350052246603971,OK
dense,16,32,256,int16,0,5435,4.3480000000000006e-06,229990.80036798524,4096,3.2768e-06,305175.78125,0.7536338546458141,OK
dense,32,8,16,int8,0,84,6.72e-08,14880952.380952379,32,2.56e-08,39062500.0,0.38095238095238093,OK
dense,32,8,16,int16,0,181,1.448e-07,6906077.348066298,128,1.024e-07,9765625.0,0.7071823204419889,OK
dense,32,8,32,int8,0,157,1.256e-07,7961783.439490445,64,5.12e-08,19531250.0,0.40764331210191085,OK
dense,32,8,32,int16,0,343,2.744e-07,3644314.8688046644,256,2.048e-07,4882812.5,0.7463556851311953,OK
dense,32,8,64,int8,0,281,2.248e-07,4448398.576512456,128,1.024e-07,9765625.0,0.4555160142348754,OK
dense,32,8,64,int16,0,651,5.208000000000001e-07,1920122.8878648232,512,4.096e-07,2441406.25,0.7864823348694316,OK
dense,32,8,128,int8,0,529,4.2320000000000003e-07,2362948.960302457,256,2.048e-07,4882812.5,0.4839319470699433,OK
dense,32,8,128,int16,0,1267,1.0136000000000001e-06,986582.4782951854,1024,8.192e-07,1220703.125,0.8082083662194159,OK
dense,32,8,256,int8,0,1025,8.2e-07,1219512.1951219512,512,4.096e-07,2441406.25,0.4995121951219512,OK
dense,32,8,256,int16,0,2499,1.9992000000000003e-06,500200.0800320127,2048,1.6384e-06,610351.5625,0.8195278111244498,OK
dense,32,16,16,int8,0,182,1.456e-07,6868131.868131868,64,5.12e-08,19531250.0,0.3516483516483517,OK
dense,32,16,16,int16,0,386,3.088e-07,3238341.968911917,256,2.048e-07,4882812.5,0.6632124352331606,OK
dense,32,16,32,int8,0,362,2.896e-07,3453038.674033149,128,1.024e-07,9765625.0,0.35359116022099446,OK
dense,32,16,32,int16,0,738,5.904e-07,1693766.9376693766,512,4.096e-07,2441406.25,0.6937669376693767,OK
dense,32,16,64,int8,0,702,5.616e-07,1780626.7806267804,256,2.048e-07,4882812.5,0.3646723646723647,OK
dense,32,16,64,int16,0,1450,1.1600000000000001e-06,862068.9655172413,1024,8.192e-07,1220703.125,0.7062068965517241,OK
dense,32,16,128,int8,0,1382,1.1056e-06,904486.2518089724,512,4.096e-07,2441406.25,0.3704775687409551,OK
dense,32,16,128,int16,0,2874,2.2992e-06,434933.8900487126,2048,1.6384e-06,610351.5625,0.7125956854558108,OK
dense,32,16,256,int8,0,2742,2.1936e-06,455871.6265499635,1024,8.192e-07,1220703.125,0.37345003646973013,OK
dense,32,16,256,int16,0,5722,4.5776e-06,218455.08563439356,4096,3.2768e-06,305175.78125,0.7158336246067808,OK
dense,32,32,16,int8,0,241,1.928e-07,5186721.991701244,128,1.024e-07,9765625.0,0.5311203319502075,OK
dense,32,32,16,int16,0,636,5.088e-07,1965408.8050314465,512,4.096e-07,2441406.25,0.8050314465408805,OK
dense,32,32,32,int8,0,459,3.672e-07,2723311.5468409588,256,2.048e-07,4882812.5,0.5577342047930284,OK
dense,32,32,32,int16,0,1215,9.72e-07,1028806.5843621399,1024,8.192e-07,1220703.125,0.842798353909465,OK
dense,32,32,64,int8,0,895,7.16e-07,1396648.0446927375,512,4.096e-07,2441406.25,0.5720670391061452,OK
dense,32,32,64,int16,0,2403,1.9224e-06,520183.10445276735,2048,1.6384e-06,610351.5625,0.8522679983354141,OK
dense,32,32,128,int8,0,1767,1.4136000000000001e-06,707413.6955291454,1024,8.192e-07,1220703.125,0.579513299377476,OK
dense,32,32,128,int16,0,4779,3.8232e-06,261560.99602427284,4096,3.2768e-06,305175.78125,0.8570830717723373,OK
dense,32,32,256,int8,0,3511,2.8088e-06,356023.92480774707,2048,1.6384e-06,610351.5625,0.5833095984050128,OK
dense,32,32,256,int16,0,9531,7.6248e-06,131150.98100933793,8192,6.5536e-06,152587.890625,0.8595110691427972,OK
dense,16,8,16,int8,1,59,4.72e-08,21186440.677966103,16,1.28e-08,78125000.0,0.2711864406779661,OK
dense,16,8,16,int16,1,103,8.24e-08,12135922.330097089,64,5.12e-08,19531250.0,0.6213592233009708,OK
dense,16,8,32,int8,1,102,8.16e-08,12254901.960784314,32,2.56e-08,39062500.0,0.3137254901960784,OK
dense,16,8,32,int16,1,185,1.48e-07,6756756.756756756,128,1.024e-07,9765625.0,0.6918918918918919,OK
dense,16,8,64,int8,1,186,1.488e-07,6720430.107526882,64,5.12e-08,19531250.0,0.34408602150537637,OK
dense,16,8,64,int16,1,349,2.792e-07,3581661.8911174783,256,2.048e-07,4882812.5,0.7335243553008596,OK
dense,16,8,128,int8,1,354,2.832e-07,3531073.4463276835,128,1.024e-07,9765625.0,0.3615819209039548,OK
dense,16,8,128,int16,1,677,5.416e-07,1846381.093057607,512,4.096e-07,2441406.25,0.7562776957163959,OK
dense,16,8,256,int8,1,690,5.520000000000001e-07,1811594.2028985505,256,2.048e-07,4882812.5,0.3710144927536232,OK
dense,16,8,256,int16,1,1333,1.0664e-06,937734.433608402,1024,8.192e-07,1220703.125,0.768192048012003,OK
dense,16,16,16,int8,1,87,6.96e-08,14367816.091954023,32,2.56e-08,39062500.0,0.367816091954023,OK
dense,16,16,16,int16,1,158,1.264e-07,7911392.405063291,128,1.024e-07,9765625.0,0.810126582278481,OK
dense,16,16,32,int8,1,143,1.144e-07,8741258.74125874,64,5.12e-08,19531250.0,0.44755244755244755,OK
dense,16,16,32,int16,1,286,2.288e-07,4370629.37062937,256,2.048e-07,4882812.5,0.8951048951048951,OK
dense,16,16,64,int8,1,259,2.072e-07,4826254.826254826,128,1.024e-07,9765625.0,0.4942084942084942,OK
dense,16,16,64,int16,1,542,4.336e-07,2306273.062730627,512,4.096e-07,2441406.25,0.9446494464944649,OK
dense,16,16,128,int8,1,491,3.928e-07,2545824.847250509,256,2.048e-07,4882812.5,0.5213849287169042,OK
dense,16,16,128,int16,1,1054,8.432e-07,1185958.2542694497,1024,8.192e-07,1220703.125,0.9715370018975332,OK
dense,16,16,256,int8,1,955,7.64e-07,1308900.5235602094,512,4.096e-07,2441406.25,0.5361256544502618,OK
dense,16,16,256,int16,1,NaN,NaN,NaN,2048,1.6384e-06,610351.5625,NaN,FAIL
dense,16,32,16,int8,1,136,1.0880000000000001e-07,9191176.470588235,64,5.12e-08,19531250.0,0.47058823529411764,OK
dense,16,32,16,int16,1,286,2.288e-07,4370629.37062937,256,2.048e-07,4882812.5,0.8951048951048951,OK
dense,16,32,32,int8,1,242,1.936e-07,5165289.256198347,128,1.024e-07,9765625.0,0.5289256198347108,OK
dense,16,32,32,int16,1,542,4.336e-07,2306273.062730627,512,4.096e-07,2441406.25,0.9446494464944649,OK
dense,16,32,64,int8,1,454,3.632e-07,2753303.9647577093,256,2.048e-07,4882812.5,0.5638766519823789,OK
dense,16,32,64,int16,1,1054,8.432e-07,1185958.2542694497,1024,8.192e-07,1220703.125,0.9715370018975332,OK
dense,16,32,128,int8,1,878,7.024e-07,1423690.2050113895,512,4.096e-07,2441406.25,0.5831435079726651,OK
dense,16,32,128,int16,1,NaN,NaN,NaN,2048,1.6384e-06,610351.5625,NaN,FAIL
dense,16,32,256,int8,1,NaN,NaN,NaN,1024,8.192e-07,1220703.125,NaN,FAIL
dense,16,32,256,int16,1,NaN,NaN,NaN,4096,3.2768e-06,305175.78125,NaN,FAIL
dense,32,8,16,int8,1,76,6.08e-08,16447368.421052631,32,2.56e-08,39062500.0,0.42105263157894735,OK
dense,32,8,16,int16,1,167,1.336e-07,7485029.94011976,128,1.024e-07,9765625.0,0.7664670658682635,OK
dense,32,8,32,int8,1,136,1.0880000000000001e-07,9191176.470588235,64,5.12e-08,19531250.0,0.47058823529411764,OK
dense,32,8,32,int16,1,313,2.504e-07,3993610.2236421723,256,2.048e-07,4882812.5,0.8178913738019169,OK
dense,32,8,64,int8,1,256,2.048e-07,4882812.5,128,1.024e-07,9765625.0,0.5,OK
dense,32,8,64,int16,1,605,4.84e-07,2066115.7024793387,512,4.096e-07,2441406.25,0.8462809917355372,OK
dense,32,8,128,int8,1,496,3.968e-07,2520161.2903225804,256,2.048e-07,4882812.5,0.5161290322580645,OK
dense,32,8,128,int16,1,1189,9.512e-07,1051303.6164844406,1024,8.192e-07,1220703.125,0.8612279226240538,OK
dense,32,8,256,int8,1,976,7.808e-07,1280737.7049180327,512,4.096e-07,2441406.25,0.5245901639344263,OK
dense,32,8,256,int16,1,NaN,NaN,NaN,2048,1.6384e-06,610351.5625,NaN,FAIL
dense,32,16,16,int8,1,105,8.4e-08,11904761.904761905,64,5.12e-08,19531250.0,0.6095238095238096,OK
dense,32,16,16,int16,1,286,2.288e-07,4370629.37062937,256,2.048e-07,4882812.5,0.8951048951048951,OK
dense,32,16,32,int8,1,183,1.4640000000000001e-07,6830601.092896175,128,1.024e-07,9765625.0,0.6994535519125683,OK
dense,32,16,32,int16,1,542,4.336e-07,2306273.062730627,512,4.096e-07,2441406.25,0.9446494464944649,OK
dense,32,16,64,int8,1,339,2.712e-07,3687315.634218289,256,2.048e-07,4882812.5,0.7551622418879056,OK
dense,32,16,64,int16,1,1054,8.432e-07,1185958.2542694497,1024,8.192e-07,1220703.125,0.9715370018975332,OK
dense,32,16,128,int8,1,651,5.208000000000001e-07,1920122.8878648232,512,4.096e-07,2441406.25,0.7864823348694316,OK
dense,32,16,128,int16,1,NaN,NaN,NaN,2048,1.6384e-06,610351.5625,NaN,FAIL
dense,32,16,256,int8,1,NaN,NaN,NaN,1024,8.192e-07,1220703.125,NaN,FAIL
dense,32,16,256,int16,1,NaN,NaN,NaN,4096,3.2768e-06,305175.78125,NaN,FAIL
dense,32,32,16,int8,1,178,1.424e-07,7022471.91011236,128,1.024e-07,9765625.0,0.7191011235955056,OK
dense,32,32,16,int16,1,542,4.336e-07,2306273.062730627,512,4.096e-07,2441406.25,0.9446494464944649,OK
dense,32,32,32,int8,1,328,2.624e-07,3810975.609756097,256,2.048e-07,4882812.5,0.7804878048780488,OK
dense,32,32,32,int16,1,1054,8.432e-07,1185958.2542694497,1024,8.192e-07,1220703.125,0.9715370018975332,OK
dense,32,32,64,int8,1,628,5.024e-07,1990445.8598726112,512,4.096e-07,2441406.25,0.8152866242038217,OK
dense,32,32,64,int16,1,NaN,NaN,NaN,2048,1.6384e-06,610351.5625,NaN,FAIL
dense,32,32,128,int8,1,NaN,NaN,NaN,1024,8.192e-07,1220703.125,NaN,FAIL
dense,32,32,128,int16,1,NaN,NaN,NaN,4096,3.2768e-06,305175.78125,NaN,FAIL
dense,32,32,256,int8,1,NaN,NaN,NaN,2048,1.6384e-06,610351.5625,NaN,FAIL
dense,32,32,256,int16,1,NaN,NaN,NaN,8192,6.5536e-06,152587.890625,NaN,FAIL
dense,40,16,16,int8,0,199,1.592e-07,6281407.0351758795,80,6.4e-08,15624999.999999998,0.4020100502512563,OK
dense,40,16,16,int8,1,121,9.68e-08,10330578.512396693,80,6.4e-08,15624999.999999998,0.6611570247933884,OK
dense,40,16,16,int16,0,450,3.6e-07,2777777.777777778,320,2.56e-07,3906249.9999999995,0.7111111111111111,OK
dense,40,16,16,int16,1,350,2.8e-07,3571428.5714285714,320,2.56e-07,3906249.9999999995,0.9142857142857143,OK
dense,40,16,32,int8,0,394,3.152e-07,3172588.8324873094,160,1.28e-07,7812499.999999999,0.40609137055837563,OK
dense,40,16,32,int8,1,215,1.72e-07,5813953.488372093,160,1.28e-07,7812499.999999999,0.7441860465116279,OK
dense,40,16,32,int16,0,866,6.928000000000001e-07,1443418.0138568128,640,5.12e-07,1953124.9999999998,0.7390300230946882,OK
dense,40,16,32,int16,1,670,5.36e-07,1865671.6417910447,640,5.12e-07,1953124.9999999998,0.9552238805970149,OK
dense,40,16,64,int8,0,766,6.128e-07,1631853.7859007833,320,2.56e-07,3906249.9999999995,0.4177545691906005,OK
dense,40,16,64,int8,1,403,3.2240000000000003e-07,3101736.972704714,320,2.56e-07,3906249.9999999995,0.794044665012407,OK
dense,40,16,64,int16,0,1706,1.3648e-06,732708.0890973036,1280,1.024e-06,976562.4999999999,0.7502930832356389,OK
dense,40,16,64,int16,1,1310,1.048e-06,954198.4732824428,1280,1.024e-06,976562.4999999999,0.9770992366412213,OK
dense,40,16,128,int8,0,1510,1.2080000000000001e-06,827814.5695364238,640,5.12e-07,1953124.9999999998,0.423841059602649,OK
dense,40,16,128,int8,1,779,6.232e-07,1604621.3093709883,640,5.12e-07,1953124.9999999998,0.8215661103979461,OK
dense,40,16,128,int16,0,3386,2.7088000000000002e-06,369167.1588895451,2560,2.048e-06,488281.24999999994,0.7560543414057885,OK
dense,40,16,128,int16,1,NaN,NaN,NaN,2560,2.048e-06,488281.24999999994,NaN,FAIL
dense,40,16,256,int8,0,2998,2.3984e-06,416944.62975316873,1280,1.024e-06,976562.4999999999,0.4269513008672448,OK
dense,40,16,256,int8,1,NaN,NaN,NaN,1280,1.024e-06,976562.4999999999,NaN,FAIL
dense,40,16,256,int16,0,NaN,NaN,NaN,5120,4.096e-06,244140.62499999997,NaN,FAIL
dense,40,16,256,int16,1,NaN,NaN,NaN,5120,4.096e-06,244140.62499999997,NaN,FAIL
